{"wisata": 1.6094379124341003, "pantai": 1.6094379124341003, "kuta": 1.6094379124341003, "bali": 0.9162907318741551, "denpasar": 0.9162907318741551, "kuliner": 1.6094379124341003, "gudeg": 1.6094379124341003, "jogja": 1.6094379124341003, "di": 0.9162907318741551, "yogyakarta": 1.2039728043259361, "mendaki": 1.6094379124341003, "gunung": 1.6094379124341003, "bromo": 1.6094379124341003, "jawa": 0.9162907318741551, "timur": 1.2039728043259361, "probolinggo": 1.6094379124341003, "sejarah": 1.6094379124341003, "candi": 1.6094379124341003, "borobudur": 1.6094379124341003, "tengah": 1.6094379124341003, "magelang": 1.6094379124341003, "tips": 1.6094379124341003, "belanja": 1.6094379124341003, "malioboro": 1.6094379124341003, "mengenal": 1.6094379124341003, "tari": 1.6094379124341003, "kecak": 1.6094379124341003, "keindahan": 1.6094379124341003, "raja": 1.6094379124341003, "ampat": 1.6094379124341003, "papua": 1.6094379124341003, "barat": 1.2039728043259361, "menjelajah": 1.6094379124341003, "kawah": 1.6094379124341003, "ijen": 1.6094379124341003, "banyuwangi": 1.6094379124341003, "festival": 1.6094379124341003, "cap": 1.6094379124341003, "go": 1.6094379124341003, "meh": 1.6094379124341003, "kalimantan": 1.6094379124341003, "singkawang": 1.6094379124341003, "tradisi": 1.6094379124341003, "ngaben": 1.6094379124341003}